[
  {
    "name": "Indonesia",
    "code": "ID",
    "slug": "indonesia"
  },
  {
    "name": "Malaysia",
    "code": "MY",
    "slug": "malaysia"
  },
  {
    "name": "Chile",
    "code": "CL",
    "slug": "chile"
  },
  {
    "name": "Bolivia",
    "code": "BO",
    "slug": "bolivia"
  },
  {
    "name": "Peru",
    "code": "PE",
    "slug": "peru"
  },
  {
    "name": "Argentina",
    "code": "AR",
    "slug": "argentina"
  },
  {
    "name": "Dhekelia",
    "code": "-99",
    "slug": "dhekelia"
  },
  {
    "name": "Cyprus",
    "code": "CY",
    "slug": "cyprus"
  },
  {
    "name": "India",
    "code": "IN",
    "slug": "india"
  },
  {
    "name": "China",
    "code": "CN",
    "slug": "china"
  },
  {
    "name": "Israel",
    "code": "IL",
    "slug": "israel"
  },
  {
    "name": "Palestine",
    "code": "PS",
    "slug": "palestine"
  },
  {
    "name": "Lebanon",
    "code": "LB",
    "slug": "lebanon"
  },
  {
    "name": "Ethiopia",
    "code": "ET",
    "slug": "ethiopia"
  },
  {
    "name": "S. Sudan",
    "code": "SS",
    "slug": "s-sudan"
  },
  {
    "name": "Somalia",
    "code": "SO",
    "slug": "somalia"
  },
  {
    "name": "Kenya",
    "code": "KE",
    "slug": "kenya"
  },
  {
    "name": "Pakistan",
    "code": "PK",
    "slug": "pakistan"
  },
  {
    "name": "Malawi",
    "code": "MW",
    "slug": "malawi"
  },
  {
    "name": "Tanzania",
    "code": "TZ",
    "slug": "tanzania"
  },
  {
    "name": "Syria",
    "code": "SY",
    "slug": "syria"
  },
  {
    "name": "Somaliland",
    "code": "-99",
    "slug": "somaliland"
  },
  {
    "name": "France",
    "code": "FR",
    "slug": "france"
  },
  {
    "name": "Suriname",
    "code": "SR",
    "slug": "suriname"
  },
  {
    "name": "Guyana",
    "code": "GY",
    "slug": "guyana"
  },
  {
    "name": "South Korea",
    "code": "KR",
    "slug": "south-korea"
  },
  {
    "name": "North Korea",
    "code": "KP",
    "slug": "north-korea"
  },
  {
    "name": "Morocco",
    "code": "MA",
    "slug": "morocco"
  },
  {
    "name": "W. Sahara",
    "code": "EH",
    "slug": "w-sahara"
  },
  {
    "name": "Costa Rica",
    "code": "CR",
    "slug": "costa-rica"
  },
  {
    "name": "Nicaragua",
    "code": "NI",
    "slug": "nicaragua"
  },
  {
    "name": "Congo",
    "code": "CG",
    "slug": "congo"
  },
  {
    "name": "Dem. Rep. Congo",
    "code": "CD",
    "slug": "dem-rep-congo"
  },
  {
    "name": "Bhutan",
    "code": "BT",
    "slug": "bhutan"
  },
  {
    "name": "Ukraine",
    "code": "UA",
    "slug": "ukraine"
  },
  {
    "name": "Belarus",
    "code": "BY",
    "slug": "belarus"
  },
  {
    "name": "Namibia",
    "code": "NA",
    "slug": "namibia"
  },
  {
    "name": "South Africa",
    "code": "ZA",
    "slug": "south-africa"
  },
  {
    "name": "St-Martin",
    "code": "MF",
    "slug": "st-martin"
  },
  {
    "name": "Sint Maarten",
    "code": "SX",
    "slug": "sint-maarten"
  },
  {
    "name": "Oman",
    "code": "OM",
    "slug": "oman"
  },
  {
    "name": "Uzbekistan",
    "code": "UZ",
    "slug": "uzbekistan"
  },
  {
    "name": "Kazakhstan",
    "code": "KZ",
    "slug": "kazakhstan"
  },
  {
    "name": "Tajikistan",
    "code": "TJ",
    "slug": "tajikistan"
  },
  {
    "name": "Lithuania",
    "code": "LT",
    "slug": "lithuania"
  },
  {
    "name": "Brazil",
    "code": "BR",
    "slug": "brazil"
  },
  {
    "name": "Uruguay",
    "code": "UY",
    "slug": "uruguay"
  },
  {
    "name": "Mongolia",
    "code": "MN",
    "slug": "mongolia"
  },
  {
    "name": "Russia",
    "code": "RU",
    "slug": "russia"
  },
  {
    "name": "Czechia",
    "code": "CZ",
    "slug": "czechia"
  },
  {
    "name": "Germany",
    "code": "DE",
    "slug": "germany"
  },
  {
    "name": "Estonia",
    "code": "EE",
    "slug": "estonia"
  },
  {
    "name": "Latvia",
    "code": "LV",
    "slug": "latvia"
  },
  {
    "name": "Norway",
    "code": "NO",
    "slug": "norway"
  },
  {
    "name": "Sweden",
    "code": "SE",
    "slug": "sweden"
  },
  {
    "name": "Finland",
    "code": "FI",
    "slug": "finland"
  },
  {
    "name": "Vietnam",
    "code": "VN",
    "slug": "vietnam"
  },
  {
    "name": "Cambodia",
    "code": "KH",
    "slug": "cambodia"
  },
  {
    "name": "Luxembourg",
    "code": "LU",
    "slug": "luxembourg"
  },
  {
    "name": "United Arab Emirates",
    "code": "AE",
    "slug": "united-arab-emirates"
  },
  {
    "name": "Belgium",
    "code": "BE",
    "slug": "belgium"
  },
  {
    "name": "Georgia",
    "code": "GE",
    "slug": "georgia"
  },
  {
    "name": "Macedonia",
    "code": "MK",
    "slug": "macedonia"
  },
  {
    "name": "Albania",
    "code": "AL",
    "slug": "albania"
  },
  {
    "name": "Azerbaijan",
    "code": "AZ",
    "slug": "azerbaijan"
  },
  {
    "name": "Kosovo",
    "code": "XK",
    "slug": "kosovo"
  },
  {
    "name": "Turkey",
    "code": "TR",
    "slug": "turkey"
  },
  {
    "name": "Spain",
    "code": "ES",
    "slug": "spain"
  },
  {
    "name": "Laos",
    "code": "LA",
    "slug": "laos"
  },
  {
    "name": "Kyrgyzstan",
    "code": "KG",
    "slug": "kyrgyzstan"
  },
  {
    "name": "Armenia",
    "code": "AM",
    "slug": "armenia"
  },
  {
    "name": "Denmark",
    "code": "DK",
    "slug": "denmark"
  },
  {
    "name": "Libya",
    "code": "LY",
    "slug": "libya"
  },
  {
    "name": "Tunisia",
    "code": "TN",
    "slug": "tunisia"
  },
  {
    "name": "Romania",
    "code": "RO",
    "slug": "romania"
  },
  {
    "name": "Hungary",
    "code": "HU",
    "slug": "hungary"
  },
  {
    "name": "Slovakia",
    "code": "SK",
    "slug": "slovakia"
  },
  {
    "name": "Poland",
    "code": "PL",
    "slug": "poland"
  },
  {
    "name": "Ireland",
    "code": "IE",
    "slug": "ireland"
  },
  {
    "name": "United Kingdom",
    "code": "GB",
    "slug": "united-kingdom"
  },
  {
    "name": "Greece",
    "code": "GR",
    "slug": "greece"
  },
  {
    "name": "Zambia",
    "code": "ZM",
    "slug": "zambia"
  },
  {
    "name": "Sierra Leone",
    "code": "SL",
    "slug": "sierra-leone"
  },
  {
    "name": "Guinea",
    "code": "GN",
    "slug": "guinea"
  },
  {
    "name": "Liberia",
    "code": "LR",
    "slug": "liberia"
  },
  {
    "name": "Central African Rep.",
    "code": "CF",
    "slug": "central-african-rep"
  },
  {
    "name": "Sudan",
    "code": "SD",
    "slug": "sudan"
  },
  {
    "name": "Djibouti",
    "code": "DJ",
    "slug": "djibouti"
  },
  {
    "name": "Eritrea",
    "code": "ER",
    "slug": "eritrea"
  },
  {
    "name": "Austria",
    "code": "AT",
    "slug": "austria"
  },
  {
    "name": "Iraq",
    "code": "IQ",
    "slug": "iraq"
  },
  {
    "name": "Italy",
    "code": "IT",
    "slug": "italy"
  },
  {
    "name": "Switzerland",
    "code": "CH",
    "slug": "switzerland"
  },
  {
    "name": "Iran",
    "code": "IR",
    "slug": "iran"
  },
  {
    "name": "Netherlands",
    "code": "NL",
    "slug": "netherlands"
  },
  {
    "name": "Liechtenstein",
    "code": "LI",
    "slug": "liechtenstein"
  },
  {
    "name": "Côte d'Ivoire",
    "code": "CI",
    "slug": "cote-d-ivoire"
  },
  {
    "name": "Serbia",
    "code": "RS",
    "slug": "serbia"
  },
  {
    "name": "Mali",
    "code": "ML",
    "slug": "mali"
  },
  {
    "name": "Senegal",
    "code": "SN",
    "slug": "senegal"
  },
  {
    "name": "Nigeria",
    "code": "NG",
    "slug": "nigeria"
  },
  {
    "name": "Benin",
    "code": "BJ",
    "slug": "benin"
  },
  {
    "name": "Angola",
    "code": "AO",
    "slug": "angola"
  },
  {
    "name": "Croatia",
    "code": "HR",
    "slug": "croatia"
  },
  {
    "name": "Slovenia",
    "code": "SI",
    "slug": "slovenia"
  },
  {
    "name": "Qatar",
    "code": "QA",
    "slug": "qatar"
  },
  {
    "name": "Saudi Arabia",
    "code": "SA",
    "slug": "saudi-arabia"
  },
  {
    "name": "Botswana",
    "code": "BW",
    "slug": "botswana"
  },
  {
    "name": "Zimbabwe",
    "code": "ZW",
    "slug": "zimbabwe"
  },
  {
    "name": "Bulgaria",
    "code": "BG",
    "slug": "bulgaria"
  },
  {
    "name": "Thailand",
    "code": "TH",
    "slug": "thailand"
  },
  {
    "name": "San Marino",
    "code": "SM",
    "slug": "san-marino"
  },
  {
    "name": "Haiti",
    "code": "HT",
    "slug": "haiti"
  },
  {
    "name": "Dominican Rep.",
    "code": "DO",
    "slug": "dominican-rep"
  },
  {
    "name": "Chad",
    "code": "TD",
    "slug": "chad"
  },
  {
    "name": "Kuwait",
    "code": "KW",
    "slug": "kuwait"
  },
  {
    "name": "El Salvador",
    "code": "SV",
    "slug": "el-salvador"
  },
  {
    "name": "Guatemala",
    "code": "GT",
    "slug": "guatemala"
  },
  {
    "name": "Timor-Leste",
    "code": "TL",
    "slug": "timor-leste"
  },
  {
    "name": "Brunei",
    "code": "BN",
    "slug": "brunei"
  },
  {
    "name": "Monaco",
    "code": "MC",
    "slug": "monaco"
  },
  {
    "name": "Algeria",
    "code": "DZ",
    "slug": "algeria"
  },
  {
    "name": "Mozambique",
    "code": "MZ",
    "slug": "mozambique"
  },
  {
    "name": "Eswatini",
    "code": "SZ",
    "slug": "eswatini"
  },
  {
    "name": "Burundi",
    "code": "BI",
    "slug": "burundi"
  },
  {
    "name": "Rwanda",
    "code": "RW",
    "slug": "rwanda"
  },
  {
    "name": "Myanmar",
    "code": "MM",
    "slug": "myanmar"
  },
  {
    "name": "Bangladesh",
    "code": "BD",
    "slug": "bangladesh"
  },
  {
    "name": "Andorra",
    "code": "AD",
    "slug": "andorra"
  },
  {
    "name": "Afghanistan",
    "code": "AF",
    "slug": "afghanistan"
  },
  {
    "name": "Montenegro",
    "code": "ME",
    "slug": "montenegro"
  },
  {
    "name": "Bosnia and Herz.",
    "code": "BA",
    "slug": "bosnia-and-herz"
  },
  {
    "name": "Uganda",
    "code": "UG",
    "slug": "uganda"
  },
  {
    "name": "USNB Guantanamo Bay",
    "code": "-99",
    "slug": "usnb-guantanamo-bay"
  },
  {
    "name": "Cuba",
    "code": "CU",
    "slug": "cuba"
  },
  {
    "name": "Honduras",
    "code": "HN",
    "slug": "honduras"
  },
  {
    "name": "Ecuador",
    "code": "EC",
    "slug": "ecuador"
  },
  {
    "name": "Colombia",
    "code": "CO",
    "slug": "colombia"
  },
  {
    "name": "Paraguay",
    "code": "PY",
    "slug": "paraguay"
  },
  {
    "name": "Portugal",
    "code": "PT",
    "slug": "portugal"
  },
  {
    "name": "Moldova",
    "code": "MD",
    "slug": "moldova"
  },
  {
    "name": "Turkmenistan",
    "code": "TM",
    "slug": "turkmenistan"
  },
  {
    "name": "Jordan",
    "code": "JO",
    "slug": "jordan"
  },
  {
    "name": "Nepal",
    "code": "NP",
    "slug": "nepal"
  },
  {
    "name": "Lesotho",
    "code": "LS",
    "slug": "lesotho"
  },
  {
    "name": "Cameroon",
    "code": "CM",
    "slug": "cameroon"
  },
  {
    "name": "Gabon",
    "code": "GA",
    "slug": "gabon"
  },
  {
    "name": "Niger",
    "code": "NE",
    "slug": "niger"
  },
  {
    "name": "Burkina Faso",
    "code": "BF",
    "slug": "burkina-faso"
  },
  {
    "name": "Togo",
    "code": "TG",
    "slug": "togo"
  },
  {
    "name": "Ghana",
    "code": "GH",
    "slug": "ghana"
  },
  {
    "name": "Guinea-Bissau",
    "code": "GW",
    "slug": "guinea-bissau"
  },
  {
    "name": "Gibraltar",
    "code": "GI",
    "slug": "gibraltar"
  },
  {
    "name": "United States of America",
    "code": "US",
    "slug": "united-states-of-america"
  },
  {
    "name": "Canada",
    "code": "CA",
    "slug": "canada"
  },
  {
    "name": "Mexico",
    "code": "MX",
    "slug": "mexico"
  },
  {
    "name": "Belize",
    "code": "BZ",
    "slug": "belize"
  },
  {
    "name": "Panama",
    "code": "PA",
    "slug": "panama"
  },
  {
    "name": "Venezuela",
    "code": "VE",
    "slug": "venezuela"
  },
  {
    "name": "Papua New Guinea",
    "code": "PG",
    "slug": "papua-new-guinea"
  },
  {
    "name": "Egypt",
    "code": "EG",
    "slug": "egypt"
  },
  {
    "name": "Yemen",
    "code": "YE",
    "slug": "yemen"
  },
  {
    "name": "Mauritania",
    "code": "MR",
    "slug": "mauritania"
  },
  {
    "name": "Eq. Guinea",
    "code": "GQ",
    "slug": "eq-guinea"
  },
  {
    "name": "Gambia",
    "code": "GM",
    "slug": "gambia"
  },
  {
    "name": "Hong Kong",
    "code": "HK",
    "slug": "hong-kong"
  },
  {
    "name": "Vatican",
    "code": "VA",
    "slug": "vatican"
  },
  {
    "name": "N. Cyprus",
    "code": "-99",
    "slug": "n-cyprus"
  },
  {
    "name": "Cyprus U.N. Buffer Zone",
    "code": "-99",
    "slug": "cyprus-u-n-buffer-zone"
  },
  {
    "name": "Siachen Glacier",
    "code": "-99",
    "slug": "siachen-glacier"
  },
  {
    "name": "Baikonur",
    "code": "-99",
    "slug": "baikonur"
  },
  {
    "name": "Akrotiri",
    "code": "-99",
    "slug": "akrotiri"
  },
  {
    "name": "Antarctica",
    "code": "AQ",
    "slug": "antarctica"
  },
  {
    "name": "Australia",
    "code": "AU",
    "slug": "australia"
  },
  {
    "name": "Greenland",
    "code": "GL",
    "slug": "greenland"
  },
  {
    "name": "Fiji",
    "code": "FJ",
    "slug": "fiji"
  },
  {
    "name": "New Zealand",
    "code": "NZ",
    "slug": "new-zealand"
  },
  {
    "name": "New Caledonia",
    "code": "NC",
    "slug": "new-caledonia"
  },
  {
    "name": "Madagascar",
    "code": "MG",
    "slug": "madagascar"
  },
  {
    "name": "Philippines",
    "code": "PH",
    "slug": "philippines"
  },
  {
    "name": "Sri Lanka",
    "code": "LK",
    "slug": "sri-lanka"
  },
  {
    "name": "Curaçao",
    "code": "CW",
    "slug": "curacao"
  },
  {
    "name": "Aruba",
    "code": "AW",
    "slug": "aruba"
  },
  {
    "name": "Bahamas",
    "code": "BS",
    "slug": "bahamas"
  },
  {
    "name": "Turks and Caicos Is.",
    "code": "TC",
    "slug": "turks-and-caicos-is"
  },
  {
    "name": "Taiwan",
    "code": "TW",
    "slug": "taiwan"
  },
  {
    "name": "Japan",
    "code": "JP",
    "slug": "japan"
  },
  {
    "name": "St. Pierre and Miquelon",
    "code": "PM",
    "slug": "st-pierre-and-miquelon"
  },
  {
    "name": "Iceland",
    "code": "IS",
    "slug": "iceland"
  },
  {
    "name": "Pitcairn Is.",
    "code": "PN",
    "slug": "pitcairn-is"
  },
  {
    "name": "Fr. Polynesia",
    "code": "PF",
    "slug": "fr-polynesia"
  },
  {
    "name": "Fr. S. Antarctic Lands",
    "code": "TF",
    "slug": "fr-s-antarctic-lands"
  },
  {
    "name": "Seychelles",
    "code": "SC",
    "slug": "seychelles"
  },
  {
    "name": "Kiribati",
    "code": "KI",
    "slug": "kiribati"
  },
  {
    "name": "Marshall Is.",
    "code": "MH",
    "slug": "marshall-is"
  },
  {
    "name": "Trinidad and Tobago",
    "code": "TT",
    "slug": "trinidad-and-tobago"
  },
  {
    "name": "Grenada",
    "code": "GD",
    "slug": "grenada"
  },
  {
    "name": "St. Vin. and Gren.",
    "code": "VC",
    "slug": "st-vin-and-gren"
  },
  {
    "name": "Barbados",
    "code": "BB",
    "slug": "barbados"
  },
  {
    "name": "Saint Lucia",
    "code": "LC",
    "slug": "saint-lucia"
  },
  {
    "name": "Dominica",
    "code": "DM",
    "slug": "dominica"
  },
  {
    "name": "U.S. Minor Outlying Is.",
    "code": "UM",
    "slug": "u-s-minor-outlying-is"
  },
  {
    "name": "Montserrat",
    "code": "MS",
    "slug": "montserrat"
  },
  {
    "name": "Antigua and Barb.",
    "code": "AG",
    "slug": "antigua-and-barb"
  },
  {
    "name": "St. Kitts and Nevis",
    "code": "KN",
    "slug": "st-kitts-and-nevis"
  },
  {
    "name": "U.S. Virgin Is.",
    "code": "VI",
    "slug": "u-s-virgin-is"
  },
  {
    "name": "St-Barthélemy",
    "code": "BL",
    "slug": "st-barthelemy"
  },
  {
    "name": "Puerto Rico",
    "code": "PR",
    "slug": "puerto-rico"
  },
  {
    "name": "Anguilla",
    "code": "AI",
    "slug": "anguilla"
  },
  {
    "name": "British Virgin Is.",
    "code": "VG",
    "slug": "british-virgin-is"
  },
  {
    "name": "Jamaica",
    "code": "JM",
    "slug": "jamaica"
  },
  {
    "name": "Cayman Is.",
    "code": "KY",
    "slug": "cayman-is"
  },
  {
    "name": "Bermuda",
    "code": "BM",
    "slug": "bermuda"
  },
  {
    "name": "Heard I. and McDonald Is.",
    "code": "HM",
    "slug": "heard-i-and-mc-donald-is"
  },
  {
    "name": "Saint Helena",
    "code": "SH",
    "slug": "saint-helena"
  },
  {
    "name": "Mauritius",
    "code": "MU",
    "slug": "mauritius"
  },
  {
    "name": "Comoros",
    "code": "KM",
    "slug": "comoros"
  },
  {
    "name": "São Tomé and Principe",
    "code": "ST",
    "slug": "sao-tome-and-principe"
  },
  {
    "name": "Cabo Verde",
    "code": "CV",
    "slug": "cabo-verde"
  },
  {
    "name": "Malta",
    "code": "MT",
    "slug": "malta"
  },
  {
    "name": "Jersey",
    "code": "JE",
    "slug": "jersey"
  },
  {
    "name": "Guernsey",
    "code": "GG",
    "slug": "guernsey"
  },
  {
    "name": "Isle of Man",
    "code": "IM",
    "slug": "isle-of-man"
  },
  {
    "name": "Åland",
    "code": "AX",
    "slug": "aland"
  },
  {
    "name": "Faeroe Is.",
    "code": "FO",
    "slug": "faeroe-is"
  },
  {
    "name": "Indian Ocean Ter.",
    "code": "-99",
    "slug": "indian-ocean-ter"
  },
  {
    "name": "Br. Indian Ocean Ter.",
    "code": "IO",
    "slug": "br-indian-ocean-ter"
  },
  {
    "name": "Singapore",
    "code": "SG",
    "slug": "singapore"
  },
  {
    "name": "Norfolk Island",
    "code": "NF",
    "slug": "norfolk-island"
  },
  {
    "name": "Cook Is.",
    "code": "CK",
    "slug": "cook-is"
  },
  {
    "name": "Tonga",
    "code": "TO",
    "slug": "tonga"
  },
  {
    "name": "Wallis and Futuna Is.",
    "code": "WF",
    "slug": "wallis-and-futuna-is"
  },
  {
    "name": "Samoa",
    "code": "WS",
    "slug": "samoa"
  },
  {
    "name": "Solomon Is.",
    "code": "SB",
    "slug": "solomon-is"
  },
  {
    "name": "Tuvalu",
    "code": "TV",
    "slug": "tuvalu"
  },
  {
    "name": "Maldives",
    "code": "MV",
    "slug": "maldives"
  },
  {
    "name": "Nauru",
    "code": "NR",
    "slug": "nauru"
  },
  {
    "name": "Micronesia",
    "code": "FM",
    "slug": "micronesia"
  },
  {
    "name": "S. Geo. and the Is.",
    "code": "GS",
    "slug": "s-geo-and-the-is"
  },
  {
    "name": "Falkland Is.",
    "code": "FK",
    "slug": "falkland-is"
  },
  {
    "name": "Vanuatu",
    "code": "VU",
    "slug": "vanuatu"
  },
  {
    "name": "Niue",
    "code": "NU",
    "slug": "niue"
  },
  {
    "name": "American Samoa",
    "code": "AS",
    "slug": "american-samoa"
  },
  {
    "name": "Palau",
    "code": "PW",
    "slug": "palau"
  },
  {
    "name": "Guam",
    "code": "GU",
    "slug": "guam"
  },
  {
    "name": "N. Mariana Is.",
    "code": "MP",
    "slug": "n-mariana-is"
  },
  {
    "name": "Bahrain",
    "code": "BH",
    "slug": "bahrain"
  },
  {
    "name": "Coral Sea Is.",
    "code": "-99",
    "slug": "coral-sea-is"
  },
  {
    "name": "Spratly Is.",
    "code": "-99",
    "slug": "spratly-is"
  },
  {
    "name": "Clipperton I.",
    "code": "-99",
    "slug": "clipperton-i"
  },
  {
    "name": "Macao",
    "code": "MO",
    "slug": "macao"
  },
  {
    "name": "Ashmore and Cartier Is.",
    "code": "-99",
    "slug": "ashmore-and-cartier-is"
  },
  {
    "name": "Bajo Nuevo Bank",
    "code": "-99",
    "slug": "bajo-nuevo-bank"
  },
  {
    "name": "Serranilla Bank",
    "code": "-99",
    "slug": "serranilla-bank"
  },
  {
    "name": "Scarborough Reef",
    "code": "-99",
    "slug": "scarborough-reef"
  }
]